CREATE TABLE usuario (
	id BIGINT PRIMARY KEY,
	nome VARCHAR(50) NOT NULL,
	email VARCHAR(50) NOT NULL,
	senha VARCHAR(150) NOT NULL
) ENGINE=InnoDB DEFAULT CHARSET=UTF8MB4;

CREATE TABLE permissao (
	id BIGINT PRIMARY KEY,
	descricao VARCHAR(50) NOT NULL
) ENGINE=InnoDB DEFAULT CHARSET=UTF8MB4;

CREATE TABLE usuario_permissao (
	id_usuario BIGINT NOT NULL,
	id_permissao BIGINT NOT NULL,
	PRIMARY KEY (id_usuario, id_permissao),
	FOREIGN KEY (id_usuario) REFERENCES usuario(id),
	FOREIGN KEY (id_permissao) REFERENCES permissao(id)
) ENGINE=InnoDB DEFAULT CHARSET=UTF8MB4;

INSERT INTO usuario (id, nome, email, senha) values (1, 'Administrador', 'admin@algamoney.com', '$2a$10$uvuejvCyXIl14VAA9YeBkOxcH0qz0zQvDH2aOkB6mecQT1mGcvHmi');
INSERT INTO usuario (id, nome, email, senha) values (2, 'Maria Silva', 'maria@algamoney.com', '$2a$10$uY720pSIn95YmnTDvf5mB.XmyRc7tCbvUyXuTgXei4PdGbbP3QpRu');
INSERT INTO usuario (id, nome, email, senha) values (3, 'Nillander', 'nillander@live.com', '$2a$10$ZAyzA2WSAJcwDnVOdDXCkumlSCdWmCYvviTFKDwp88UZUnxL7xkLe');

INSERT INTO permissao (id, descricao) values (1, 'ROLE_CADASTRAR_CATEGORIA');
INSERT INTO permissao (id, descricao) values (2, 'ROLE_PESQUISAR_CATEGORIA');

INSERT INTO permissao (id, descricao) values (3, 'ROLE_CADASTRAR_PESSOA');
INSERT INTO permissao (id, descricao) values (4, 'ROLE_REMOVER_PESSOA');
INSERT INTO permissao (id, descricao) values (5, 'ROLE_PESQUISAR_PESSOA');

INSERT INTO permissao (id, descricao) values (6, 'ROLE_CADASTRAR_LANCAMENTO');
INSERT INTO permissao (id, descricao) values (7, 'ROLE_REMOVER_LANCAMENTO');
INSERT INTO permissao (id, descricao) values (8, 'ROLE_PESQUISAR_LANCAMENTO');

-- admin
INSERT INTO usuario_permissao (id_usuario, id_permissao) values (1, 1);
INSERT INTO usuario_permissao (id_usuario, id_permissao) values (1, 2);
INSERT INTO usuario_permissao (id_usuario, id_permissao) values (1, 3);
INSERT INTO usuario_permissao (id_usuario, id_permissao) values (1, 4);
INSERT INTO usuario_permissao (id_usuario, id_permissao) values (1, 5);
INSERT INTO usuario_permissao (id_usuario, id_permissao) values (1, 6);
INSERT INTO usuario_permissao (id_usuario, id_permissao) values (1, 7);
INSERT INTO usuario_permissao (id_usuario, id_permissao) values (1, 8);

-- maria
INSERT INTO usuario_permissao (id_usuario, id_permissao) values (2, 2);
INSERT INTO usuario_permissao (id_usuario, id_permissao) values (2, 5);
INSERT INTO usuario_permissao (id_usuario, id_permissao) values (2, 8);